INSERT INTO Tipo_Utilizador (ID_TipoUtilizador, Tipo_Utilizador) VALUES
('PR', 'Professor'),
('RS', 'Investigador'),
('BS', 'Estudante de Licenciatura'),
('MS', 'Estudante de Mestrado'),
('DS', 'Estudante de Doutoramento'),
('SF', 'Pessoal de Apoio'),
('PD', 'Presidente do Departamento'),
('XT', 'Externo');

INSERT INTO Utilizador (ID_Utilizador, Nome, Telefone, Email, Prioridade, ID_TipoUtilizador) VALUES
(1, 'Gil Pereira-Silva', '917082284', 'almeidamariana@gmail.com', 'Maxima', 'PD'),
(2, 'Pilar Maria Valente', '926978568', 'jorgepinheiro@gmail.com', 'Media', 'SF'),
(3, 'Larissa Soares-Carneiro', '912580726', 'rneto@jesus.com', 'Media', 'BS'),
(4, 'Bernardo Valente', '935368234', 'santossalome@gmail.com', 'Media', 'BS'),
(5, 'Noa Vieira', '911758792', 'ericafreitas@gmail.com', 'Media', 'MS'),
(6, 'Vera de Sousa', '964076210', 'cristiano79@andrade.com', 'Acima da Media', 'PR'),
(7, 'Diana Ferreira', '964123864', 'guerreirodenis@castro.pt', 'Media', 'MS'),
(8, 'Emanuel Silva', '923536086', 'henriquearaujo@clix.pt', 'Acima da Media', 'PR'),
(9, 'Ricardo Cardoso', '910502379', 'barbaragaspar@vieira.com', 'Minima', 'XT'),
(10, 'Carlos da Castro', '916958842', 'erica50@sapo.pt', 'Media', 'MS'),
(11, 'Sandro Correia', '927053213', 'maiaedgar@gmail.com', 'Media', 'DS'),
(12, 'Noah Borges', '925449886', 'marcio24@hotmail.com', 'Media', 'SF'),
(13, 'Nicole Erika Gomes', '926393561', 'pereirajaime@mota.com', 'Media', 'MS'),
(14, 'Nelson Nogueira', '938492978', 'dianafernandes@hotmail.com', 'Media', 'MS'),
(15, 'Júlia Sousa', '933196585', 'bamorim@hotmail.com', 'Media', 'MS'),
(16, 'Laura Cardoso', '964484151', 'denis96@clix.pt', 'Acima da Media', 'PR'),
(17, 'Luísa Neves', '911557395', 'rafaela70@figueiredo.net', 'Media', 'DS'),
(18, 'Eduarda Gaspar', '925637528', 'brancoleonor@sapo.pt', 'Media', 'MS'),
(19, 'Vera da Vicente', '968145295', 'azevedonoa@hotmail.com', 'Media', 'DS'),
(20, 'Madalena Sá', '921738252', 'petra60@monteiro.org', 'Media', 'BS'),
(21, 'Íris Pacheco', '960549665', 'carminhovicente@torres.pt', 'Media', 'MS'),
(22, 'Alícia Freitas', '931567679', 'paivaadriana@castro.pt', 'Media', 'MS'),
(23, 'Carlos Esteves', '936929193', 'carvalholia@gmail.com', 'Minima', 'XT'),
(24, 'Bryan Moura', '927270877', 'nassuncao@clix.pt', 'Acima da Media', 'PR'),
(25, 'Erica Mota', '204780054', 'macedorenata@gmail.com', 'Minima', 'XT'),
(26, 'Kyara Figueiredo', '920112906', 'barbosaemilia@gmail.com', 'Media', 'MS'),
(27, 'Mia Pereira', '933977429', 'hpaiva@gmail.com', 'Media', 'RS'),
(28, 'Camila de Costa', '963709146', 'tfaria@clix.pt', 'Media', 'RS'),
(29, 'João Monteiro', '935379880', 'lealerika@sapo.pt', 'Media', 'RS'),
(30, 'João Santos', '925931175', 'bryanneves@carneiro.org', 'Media', 'BS'),
(31, 'Bruna Tavares', '911294506', 'batistaariana@miranda.pt', 'Media', 'MS'),
(32, 'Edgar Henriques-Alves', '910585670', 'lfigueiredo@melo.com', 'Acima da Media', 'PR'),
(33, 'Marcos Martins', '935843834', 'xmagalhaes@sapo.pt', 'Media', 'RS'),
(34, 'Larissa Costa', '918516267', 'cruzwilliam@gmail.com', 'Media', 'BS'),
(35, 'Alexandra Alves', '939456472', 'nairgarcia@azevedo.pt', 'Acima da Media', 'PR'),
(36, 'Bianca Mafalda Pereira', '965312054', 'leonormiranda@almeida.net', 'Minima', 'XT'),
(37, 'Violeta Vicente', '965807122', 'sofia83@miranda.pt', 'Media', 'MS'),
(38, 'Beatriz Francisca Monteiro', '968727746', 'jose42@pinheiro.com', 'Media', 'DS'),
(39, 'Manuel Simões', '936081794', 'kyara99@coelho.com', 'Acima da Media', 'PR'),
(40, 'Patrícia Moura', '258146241', 'alexandraferreira@gmail.com', 'Media', 'SF'),
(41, 'Daniel Ferreira', '925382836', 'jessicapires@sapo.pt', 'Minima', 'XT'),
(42, 'Alícia de Branco', '914040432', 'tbarros@coelho.org', 'Media', 'SF'),
(43, 'Emília Pereira-Sousa', '914737171', 'antuneshenrique@vieira.com', 'Acima da Media', 'PR'),
(44, 'Noa Pereira', '965638602', 'almeidamafalda@lopes.pt', 'Media', 'MS'),
(45, 'Erika do Borges', '208680770', 'marta37@araujo.pt', 'Media', 'BS'),
(46, 'Maria Cruz', '910219857', 'alicesousa@hotmail.com', 'Media', 'RS'),
(47, 'Clara Andrade', '250671749', 'irina29@hotmail.com', 'Media', 'SF'),
(48, 'Carminho Beatriz Moreira', '966111026', 'andresousa@clix.pt', 'Acima da Media', 'PR'),
(49, 'Isaac Nunes', '912700536', 'isabela21@sapo.pt', 'Minima', 'XT'),
(50, 'Joel Pires', '962370138', 'kyara27@antunes.org', 'Media', 'RS');


INSERT INTO Equipamento (ID_Equipamento, Nome_Equipamento, Estado_Equipamento) VALUES
(1, 'Laptop HP Pavilion', 'disponível'),
(2, 'Projetor Epson X100', 'disponível'),
(3, 'Tablet Samsung Galaxy Tab', 'disponível'),
(4, 'Monitor Dell 24 Polegadas', 'disponível'),
(5, 'Impressora HP LaserJet', 'disponível'),
(6, 'Câmara Sony Alpha', 'disponível'),
(7, 'Teclado Logitech K120', 'disponível'),
(8, 'Mouse Logitech MX Master', 'disponível'),
(9, 'Microfone Blue Yeti', 'disponível'),
(10, 'Alto-Falante JBL Flip', 'disponível'),
(11, 'Fone de Ouvido Bose QuietComfort', 'disponível'),
(12, 'Scanner Epson Perfection', 'disponível'),
(13, 'Webcam Logitech C920', 'disponível'),
(14, 'Hub USB TP-Link', 'disponível'),
(15, 'Switch Ethernet Netgear', 'disponível'),
(16, 'PowerBank Anker 20000mAh', 'disponível'),
(17, 'Notebook Lenovo ThinkPad', 'disponível'),
(18, 'Projetor BenQ MW612', 'disponível'),
(19, 'Cabo HDMI 2.0', 'disponível'),
(20, 'SSD Externo Samsung T7', 'disponível'),
(21, 'Carregador Universal para Laptop', 'disponível'),
(22, 'Docking Station Dell', 'disponível'),
(23, 'Tripé Manfrotto Compact', 'disponível'),
(24, 'Tablet iPad Pro', 'disponível'),
(25, 'Monitor Samsung Curvo 27"', 'disponível'),
(26, 'Notebook Asus ZenBook', 'disponível'),
(27, 'Caixa de Som Amazon Echo', 'disponível'),
(28, 'Placa de Captura Elgato HD60', 'disponível'),
(29, 'Lente Canon EF 50mm', 'disponível'),
(30, 'Projetor LG CineBeam', 'disponível'),
(31, 'Switch HDMI 4 Portas', 'disponível'),
(32, 'Notebook Acer Aspire', 'disponível'),
(33, 'PowerBank Xiaomi Mi 3', 'disponível');
